name,birthday,address,phone,email
Connie Passion,6/1/1997,252 Monument Lane,798-362-6407,cpassion0@printfriendly.com
Brigit Haughey,2/19/1998,2740 Division Plaza,637-362-7407,bhaughey1@jiathis.com
Dylan Moberley,7/22/1966,8 Garrison Road,327-926-7978,dmoberley2@paginegialle.it
Bonnee Michieli,7/18/1952,3705 Bultman Trail,392-570-0243,bmichieli3@webnode.com
Georgianne Bycraft,1/13/1962,7 Bobwhite Plaza,804-904-2410,gbycraft4@homestead.com
Washington Cordner,9/7/1954,16 Bashford Point,991-548-1522,wcordner5@apple.com
Michaeline Daid,12/10/1997,6220 Derek Plaza,927-332-6410,mdaid6@slideshare.net
Zerk Lalley,9/30/2007,44 Commercial Hill,656-865-2333,zlalley7@qq.com
Morley Connett,3/24/1953,5580 Artisan Way,609-414-5911,mconnett8@etsy.com
Celestine Gilhooly,12/19/1970,88 Rigney Road,170-745-0979,cgilhooly9@squidoo.com
Marie-jeanne MacAdam,8/24/1999,08 Weeping Birch Junction,951-380-9804,mmacadama@topsy.com
Matthus Worthy,6/24/2000,94 Eggendart Trail,903-149-2159,mworthyb@smugmug.com
Brigitte Bleackly,2/20/1991,1 Waywood Park,782-631-8069,bbleacklyc@businessinsider.com
Hank Wong,2/4/2012,4 Laurel Park,989-305-1694,hwongd@quantcast.com
Philbert Ajam,9/6/1968,90845 Clarendon Alley,879-233-1781,pajame@aol.com
Coop Tozer,5/21/2001,40 Manufacturers Hill,646-711-5029,ctozerf@cbc.ca
Maddalena Huxham,12/23/1950,10229 Iowa Park,156-721-3256,mhuxhamg@smh.com.au
Shem Gresswood,12/6/1973,179 Express Lane,247-749-6817,sgresswoodh@adobe.com
Calley Kindleside,5/22/2011,0 Golf View Drive,595-656-9559,ckindlesidei@arstechnica.com
Cary Gallier,6/20/2012,86826 Talmadge Terrace,443-325-5782,cgallierj@biblegateway.com
Meggi Danhel,2/25/2004,1 Truax Pass,172-362-5781,mdanhelk@instagram.com
Candis Pagen,1/4/2018,851 Dwight Way,128-262-3074,cpagenl@marriott.com
Noami Illiston,4/26/1996,975 Oneill Way,738-415-7600,nillistonm@ted.com
Katharina Leupold,5/4/1971,688 Hagan Drive,377-500-7368,kleupoldn@mozilla.org
Ingar Clavey,6/5/1973,39209 Porter Road,411-912-4681,iclaveyo@blog.com
Conant Askham,3/10/1986,791 Blackbird Place,104-142-1523,caskhamp@mysql.com
Beatrice Ledley,2/7/2008,792 Orin Drive,463-654-8551,bledleyq@vkontakte.ru
Latashia McFfaden,12/1/1996,1 Canary Circle,532-901-5016,lmcffadenr@salon.com
Marylin Baigent,12/28/1959,7043 Ohio Way,765-610-7062,mbaigents@omniture.com
Rhodia Birth,8/3/2010,848 Tennyson Junction,291-197-2965,rbirtht@bloomberg.com
Kacey Bilborough,11/8/1998,8618 Surrey Pass,746-363-0180,kbilboroughu@eventbrite.com
Galvan Diggar,1/13/1984,9112 Rowland Plaza,482-315-9327,gdiggarv@nba.com
Gard Boness,4/1/1963,480 Eagle Crest Court,795-553-6359,gbonessw@amazon.co.jp
Gaylord Wroe,9/11/1955,8 Marcy Place,773-114-6171,gwroex@utexas.edu
Annemarie Velde,11/1/1991,283 Anniversary Avenue,208-902-5186,aveldey@va.gov
Kerby Krzyzanowski,6/12/1962,27 Merchant Pass,545-789-6775,kkrzyzanowskiz@accuweather.com
Nobie Bonaire,11/8/2016,5 Huxley Center,560-520-8999,nbonaire10@furl.net
Haskel Vasyukhin,12/14/1988,42 Cascade Place,413-391-9389,hvasyukhin11@hubpages.com
Gale Rookes,12/10/2002,0 Melby Terrace,390-858-2377,grookes12@google.ca
Jasen Ertel,12/17/1964,965 Spaight Park,494-406-0908,jertel13@opensource.org
Fayre Vogt,11/13/1984,9733 Lerdahl Court,723-672-3535,fvogt14@fotki.com
Zia Henrionot,10/30/2002,24 Anhalt Road,793-708-1324,zhenrionot15@paypal.com
Kendrick Stoite,9/27/1992,14775 Dryden Parkway,122-733-9967,kstoite16@rediff.com
Andris Brunon,9/13/1990,5 Oxford Place,555-733-2610,abrunon17@eventbrite.com
Angel Sherred,6/4/1994,28191 Porter Alley,684-880-5881,asherred18@angelfire.com
Fanechka Bendson,6/23/1971,353 Lighthouse Bay Place,625-935-5423,fbendson19@shinystat.com
Bette-ann Keer,12/19/2003,68 Crownhardt Lane,763-952-1193,bkeer1a@google.com
Anne-corinne Sivyour,5/28/1960,5 Jenifer Trail,823-131-6787,asivyour1b@theatlantic.com
Taylor Couch,4/10/1993,780 Mandrake Plaza,255-883-6409,tcouch1c@bbb.org
Aviva Douglas,11/3/2006,629 Hansons Court,882-588-7396,adouglas1d@independent.co.uk
Prudy Gianullo,1/20/1997,06 Miller Hill,102-508-4363,pgianullo1e@vinaora.com
Edna Simonnet,8/7/2017,35 Merry Crossing,957-913-3882,esimonnet1f@mail.ru
Cary Belf,10/24/1959,0993 Algoma Crossing,802-655-0983,cbelf1g@arizona.edu
Clerissa Mounsie,9/17/1961,5 Ronald Regan Court,246-589-9477,cmounsie1h@mail.ru
Caz Sharpless,7/2/1955,58 Rutledge Plaza,580-979-7022,csharpless1i@webs.com
Merilee Stickford,2/4/2002,38 Ohio Trail,144-606-9942,mstickford1j@over-blog.com
Poul Instock,10/15/1999,66 Mesta Center,308-325-5897,pinstock1k@diigo.com
Nonna Champe,2/16/2007,19 Parkside Point,877-471-8572,nchampe1l@google.it
Norris Pfeiffer,6/28/1960,058 Hoepker Terrace,152-606-1147,npfeiffer1m@discovery.com
Adelle Bremmell,3/12/2007,1 Havey Drive,514-730-9007,abremmell1n@ft.com
Janna Pauwel,5/7/2003,28 Mockingbird Alley,904-847-2162,jpauwel1o@wisc.edu
Paola Cholomin,8/17/1964,58 Ridgeview Plaza,611-783-8072,pcholomin1p@fastcompany.com
Deana Noble,12/21/1956,695 Kim Junction,721-924-2715,dnoble1q@redcross.org
Dulsea Laetham,11/9/1969,88796 Browning Court,218-508-1230,dlaetham1r@sciencedaily.com
Priscella Pinnell,11/23/1960,9 Commercial Drive,610-697-6849,ppinnell1s@bbc.co.uk
Karyl Dietsche,9/22/2002,668 Jenna Crossing,904-918-6211,kdietsche1t@java.com
Briny Middup,12/25/2008,9 Marcy Circle,133-505-0023,bmiddup1u@google.cn
Corrina Nicholes,5/3/2000,7089 Fordem Street,831-296-1231,cnicholes1v@globo.com
Ddene Chudleigh,3/20/1964,90933 Harbort Point,496-586-1120,dchudleigh1w@icq.com
Annabella Longwood,10/29/1975,759 Harbort Crossing,352-103-3303,alongwood1x@nba.com
Ariela Reiling,2/3/1985,8850 4th Way,957-893-3522,areiling1y@shinystat.com
Noami Brik,11/23/1990,8074 Fisk Terrace,852-588-5755,nbrik1z@instagram.com
Kelila Crocket,2/9/1985,76850 Pierstorff Pass,805-127-1965,kcrocket20@uol.com.br
Ruthi Offen,1/2/1995,775 Dennis Avenue,908-584-9655,roffen21@nsw.gov.au
Abby Cleave,10/11/1980,79438 Green Street,264-145-8460,acleave22@irs.gov
Brew Mordecai,12/17/1952,01500 Myrtle Street,241-261-4251,bmordecai23@webnode.com
Berti Davana,11/12/1981,91716 Pennsylvania Park,506-278-0644,bdavana24@earthlink.net
Kamillah Krzyzanowski,7/10/1971,0 Laurel Alley,413-738-3522,kkrzyzanowski25@unblog.fr
Gratia Brise,7/8/2007,1404 Ridgeway Point,854-723-3351,gbrise26@123-reg.co.uk
Devlen Alcoran,1/10/1969,34 Loftsgordon Way,762-156-8146,dalcoran27@army.mil
Roxanne Larkworthy,4/7/2011,566 La Follette Road,336-814-6953,rlarkworthy28@nationalgeographic.com
Augustina Wickman,3/30/1996,000 Forster Avenue,397-167-4823,awickman29@about.com
Hermie Tommei,12/20/2008,28 Mccormick Parkway,337-794-7658,htommei2a@abc.net.au
Kellen Dowears,12/23/1959,554 Mifflin Court,566-747-3100,kdowears2b@netscape.com
Hardy Vigneron,4/13/1969,44675 Sauthoff Park,216-645-2863,hvigneron2c@mtv.com
Nikolia Rayment,5/22/1971,9472 Carpenter Parkway,107-781-5544,nrayment2d@flavors.me
Christie Phipard-Shears,12/29/1994,30 Lakewood Gardens Road,801-531-2272,cphipardshears2e@godaddy.com
Bambi Grancher,9/24/1978,0 Cody Hill,804-969-5930,bgrancher2f@hostgator.com
Isaac O'Crotty,4/23/1999,64919 Crownhardt Terrace,237-677-2617,iocrotty2g@wikispaces.com
Shell Trippack,4/19/1990,41246 Victoria Drive,499-413-2965,strippack2h@theglobeandmail.com
Min Weir,8/23/2006,832 Ronald Regan Center,465-436-3967,mweir2i@msu.edu
Pippo Heliet,4/19/2007,50286 International Court,415-287-1146,pheliet2j@php.net
Sutherlan Robecon,9/21/1995,28717 Lakewood Alley,962-557-0295,srobecon2k@friendfeed.com
Lurleen Ridgedell,5/10/1989,4064 Towne Alley,538-697-2614,lridgedell2l@mit.edu
Mikaela Merring,4/11/1970,5698 Schiller Center,253-897-8226,mmerring2m@dropbox.com
Carly Schiesterl,4/28/1993,98326 Green Parkway,285-554-4368,cschiesterl2n@amazon.com
Yancy Narey,1/4/1979,400 Pond Trail,691-839-5372,ynarey2o@simplemachines.org
Ronna O'Curran,7/16/1970,46461 Red Cloud Park,459-796-4292,rocurran2p@cloudflare.com
Quintina Death,3/17/1981,5 Swallow Park,204-120-1128,qdeath2q@technorati.com
Ronnie Pinkie,8/25/1951,5858 Eliot Place,935-674-9480,rpinkie2r@who.int
